{
  "project_info": {
    "project_number": "441172565485",
    "firebase_url": "https://readit-ce9ca-default-rtdb.asia-southeast1.firebasedatabase.app",
    "project_id": "readit-ce9ca",
    "storage_bucket": "readit-ce9ca.appspot.com"
  },
  "client": [
    {
      "client_info": {
        "mobilesdk_app_id": "1:441172565485:android:929be173103cc59c0d1be4",
        "android_client_info": {
          "package_name": "com.example.home"
        }
      },
      "oauth_client": [
        {
          "client_id": "441172565485-vkha3uu9ng6car65jngalbi5pcmad1vu.apps.googleusercontent.com",
          "client_type": 1,
          "android_info": {
            "package_name": "com.example.home",
            "certificate_hash": "51e037c922ebcfb816a6434ff0bf9e50213ee400"
          }
        },
        {
          "client_id": "441172565485-cs05o3frk25om233f5ad1i3sq2le00mu.apps.googleusercontent.com",
          "client_type": 3
        }
      ],
      "api_key": [
        {
          "current_key": "AIzaSyDnSNw_Ph6zuGmcsrN4zb44JtoqYdWW3ho"
        }
      ],
      "services": {
        "appinvite_service": {
          "other_platform_oauth_client": [
            {
              "client_id": "441172565485-cs05o3frk25om233f5ad1i3sq2le00mu.apps.googleusercontent.com",
              "client_type": 3
            }
          ]
        }
      }
    }
  ],
  "configuration_version": "1"
}